s.no,City,Season,Date,Ship Entry/Left,Type of ship present,PM2.5,PM2.5 AQI,PM2.5 AQI CAT,NO2,NO2 AQI,NO2 AQI CAT,NH3,NH3 AQI,NH3 AQI CAT,CO,CO AQI,CO AQI CAT,SO2,SO2 AQI,SO2 AQI CAT,O3,O3 AQI,O3 AQI CAT,VOC,VOC AQI,VOC AQI CAT,AQI,AQI_LVL
1,Chennai,Spring,5/1/2022,Yes/Entry,Coal,6.55,27,GOOD,0.90,1,GOOD,0.02,1,GOOD,0.11,1,GOOD,1.31,1,GOOD,1.88,1,GOOD,0.05,1,GOOD,4.714285714,GOOD
2,Chennai,Spring,5/2/2022,No,Coal,12.58,52,SATISFACTORY,1.25,1,GOOD,0.09,1,GOOD,0.13,1,GOOD,1.55,1,GOOD,2.83,2,GOOD,0.06,1,GOOD,8.428571429,GOOD
3,Chennai,Spring,5/3/2022,No,Coal,25.98,80,SATISFACTORY,1.60,1,GOOD,0.21,3,GOOD,0.55,6,GOOD,1.89,1,GOOD,3.22,3,GOOD,0.09,1,GOOD,13.57142857,GOOD
4,Chennai,Spring,5/4/2022,No,Coal,29.88,88,SATISFACTORY,1.56,1,GOOD,0.26,3,GOOD,0.75,8,GOOD,2.66,3,GOOD,3.95,3,GOOD,0.07,1,GOOD,15.28571429,GOOD
5,Chennai,Spring,5/5/2022,No,Coal,35.93,102,MODERATE,2.65,2,GOOD,0.34,4,GOOD,0.84,9,GOOD,3.66,4,GOOD,4.58,4,GOOD,0.05,1,GOOD,18,GOOD
6,Chennai,Spring,5/6/2022,No,Coal,37.59,106,MODERATE,2.30,2,GOOD,0.38,4,GOOD,0.96,10,GOOD,3.98,4,GOOD,5.74,5,GOOD,0.06,1,GOOD,18.85714286,GOOD
7,Chennai,Spring,5/7/2022,No,Coal,43.69,121,MODERATE,1.90,1,GOOD,0.39,5,GOOD,1.02,11,GOOD,4.65,6,GOOD,6.74,6,GOOD,0.07,1,GOOD,21.57142857,GOOD
8,Chennai,Spring,5/8/2022,No,Coal,52.36,145,MODERATE,2.10,2,GOOD,0.41,5,GOOD,1.24,14,GOOD,5.22,7,GOOD,7.48,6,GOOD,0.09,1,GOOD,25.71428571,GOOD
9,Chennai,Spring,5/9/2022,No,Coal,58.98,153,POOR,1.89,1,GOOD,0.42,5,GOOD,1.33,15,GOOD,5.99,7,GOOD,8.99,7,GOOD,0.10,2,GOOD,27.14285714,GOOD
10,Chennai,Spring,5/10/2022,No,Coal,62.58,155,POOR,2.65,2,GOOD,0.43,5,GOOD,1.37,15,GOOD,7.32,10,GOOD,9.74,8,GOOD,0.09,1,GOOD,28,GOOD
11,Chennai,Spring,5/11/2022,No,Coal,69.12,158,POOR,2.34,2,GOOD,0.45,6,GOOD,1.48,16,GOOD,8.54,11,GOOD,10.78,9,GOOD,0.07,1,GOOD,29,GOOD
12,Chennai,Spring,5/12/2022,No,Coal,76.78,162,POOR,1.65,1,GOOD,0.48,6,GOOD,1.58,17,GOOD,8.96,11,GOOD,11.54,10,GOOD,0.05,1,GOOD,29.71428571,GOOD
13,Chennai,Spring,5/13/2022,No,Coal,78.58,163,POOR,2.54,2,GOOD,0.51,7,GOOD,1.96,22,GOOD,11.89,16,GOOD,13.58,12,GOOD,0.09,1,GOOD,31.85714286,GOOD
14,Chennai,Spring,5/14/2022,No,Coal,80.11,164,POOR,2.11,2,GOOD,0.51,7,GOOD,2.47,27,GOOD,11.99,16,GOOD,15.74,14,GOOD,0.07,1,GOOD,33,GOOD
15,Chennai,Spring,5/15/2022,No,Coal,85.36,166,POOR,1.23,1,GOOD,0.49,6,GOOD,2.99,33,GOOD,14.22,20,GOOD,17.74,16,GOOD,0.10,2,GOOD,34.85714286,GOOD
16,Chennai,Spring,5/16/2022,No,Coal,88.63,168,POOR,1.25,1,GOOD,0.46,6,GOOD,3.55,40,GOOD,15.98,21,GOOD,19.66,18,GOOD,0.11,2,GOOD,36.57142857,GOOD
17,Chennai,Spring,5/17/2022,No,Coal,89.65,169,POOR,2.40,2,GOOD,0.48,6,GOOD,3.84,43,GOOD,18.74,26,GOOD,20.99,19,GOOD,0.78,20,GOOD,40.71428571,GOOD
18,Chennai,Spring,5/18/2022,No,Coal,94.88,171,POOR,2.34,2,GOOD,0.52,7,GOOD,4.98,55,SATISFACTORY,19.77,27,GOOD,22.64,20,GOOD,0.54,12,GOOD,42,GOOD
19,Chennai,Spring,5/19/2022,No,Coal,99.66,172,POOR,1.65,1,GOOD,0.54,7,GOOD,4.99,55,SATISFACTORY,19.99,27,GOOD,24.37,22,GOOD,0.64,15,GOOD,42.71428571,GOOD
20,Chennai,Spring,5/20/2022,No,Coal,101.55,175,POOR,1.59,1,GOOD,0.46,6,GOOD,5.03,56,SATISFACTORY,22.88,31,GOOD,26.84,24,GOOD,0.68,16,GOOD,44.14285714,GOOD
21,Chennai,Spring,5/21/2022,No,Coal,108.96,179,POOR,2.54,2,GOOD,0.48,6,GOOD,5.44,60,SATISFACTORY,24.98,34,GOOD,28.88,26,GOOD,0.74,18,GOOD,46.42857143,GOOD
22,Chennai,Spring,5/22/2022,No,Coal,112.36,180,POOR,3.21,3,GOOD,0.49,6,GOOD,5.98,65,SATISFACTORY,26.77,37,GOOD,29.74,27,GOOD,0.62,15,GOOD,47.57142857,GOOD
23,Chennai,Spring,5/23/2022,No,Coal,128.98,189,POOR,3.10,3,GOOD,0.48,6,GOOD,6.22,68,SATISFACTORY,27.88,39,GOOD,30.44,28,GOOD,0.74,18,GOOD,50.14285714,SATISFACTORY
24,Chennai,Spring,5/24/2022,No,Coal,131.98,190,POOR,2.65,2,GOOD,0.45,6,GOOD,6.59,71,SATISFACTORY,28.54,40,GOOD,32.77,30,GOOD,0.94,32,GOOD,53,SATISFACTORY
25,Chennai,Spring,5/25/2022,No,Coal,136.79,193,POOR,2.89,2,GOOD,0.52,7,GOOD,6.95,75,SATISFACTORY,29.99,41,GOOD,33.74,31,GOOD,0.96,33,GOOD,54.57142857,SATISFACTORY
26,Chennai,Spring,5/26/2022,No,Coal,140.78,195,POOR,2.10,2,GOOD,0.48,6,GOOD,7.11,77,SATISFACTORY,31.87,44,GOOD,35.88,32,GOOD,0.97,33,GOOD,55.57142857,SATISFACTORY
27,Chennai,Spring,5/27/2022,No,Coal,145.21,197,POOR,2.50,2,GOOD,0.42,6,GOOD,7.25,78,SATISFACTORY,32.44,46,GOOD,37.84,34,GOOD,0.96,33,GOOD,56.57142857,SATISFACTORY
28,Chennai,Spring,5/28/2022,No,Coal,153.74,204,VERY POOR,3.20,3,GOOD,0.51,7,GOOD,7.68,82,SATISFACTORY,33.17,47,GOOD,39.45,36,GOOD,0.11,2,GOOD,54.42857143,SATISFACTORY
29,Chennai,Spring,5/29/2022,No,Coal,156.99,207,VERY POOR,2.80,2,GOOD,0.41,5,GOOD,8.02,86,SATISFACTORY,35.84,50,GOOD,40.11,37,GOOD,0.98,34,GOOD,60.14285714,SATISFACTORY
30,Chennai,Spring,5/30/2022,Yes/Left,Coal,169.89,220,VERY POOR,2.95,2,GOOD,0.45,6,GOOD,8.55,91,SATISFACTORY,36.55,51,SATISFACTORY,43.55,40,GOOD,0.85,30,GOOD,62.85714286,SATISFACTORY
31,Chennai,Spring,5/31/2022,Yes/Entry,Fertilizer,169.00,219,VERY POOR,3.73,3,GOOD,0.58,8,GOOD,8.2,88,SATISFACTORY,35.66,50,GOOD,42.00,39,GOOD,0.11,2,GOOD,58.42857143,SATISFACTORY
32,Chennai,Spring,6/1/2022,No,Fertilizer,168.50,219,VERY POOR,4.85,4,GOOD,0.59,8,GOOD,8.1,88,SATISFACTORY,34.80,49,GOOD,40.00,37,GOOD,0.35,8,GOOD,59,SATISFACTORY
33,Chennai,Spring,6/2/2022,No,Fertilizer,168.20,219,VERY POOR,6.25,6,GOOD,1.98,12,GOOD,7.9,85,SATISFACTORY,34.10,49,GOOD,39.80,36,GOOD,0.49,10,GOOD,59.57142857,SATISFACTORY
34,Chennai,Spring,6/3/2022,No,Fertilizer,167.50,218,VERY POOR,9.58,8,GOOD,5.85,24,GOOD,7.7,83,SATISFACTORY,33.50,47,GOOD,45.80,42,GOOD,0.99,35,GOOD,65.28571429,SATISFACTORY
35,Chennai,Spring,6/4/2022,No,Fertilizer,166.00,216,VERY POOR,11.69,10,GOOD,7.88,32,GOOD,7.1,77,SATISFACTORY,32.80,46,GOOD,38.50,35,GOOD,1.05,40,GOOD,65.14285714,SATISFACTORY
36,Chennai,Spring,6/5/2022,No,Fertilizer,166.50,216,VERY POOR,16.87,15,GOOD,8.74,38,GOOD,8.5,91,SATISFACTORY,31.90,44,GOOD,37.50,34,GOOD,1.63,48,GOOD,69.42857143,SATISFACTORY
37,Chennai,Spring,6/6/2022,No,Fertilizer,165.90,216,VERY POOR,19.36,18,GOOD,13.88,46,GOOD,7.4,81,SATISFACTORY,30.80,43,GOOD,36.90,35,GOOD,1.98,52,SATISFACTORY,70.14285714,SATISFACTORY
38,Chennai,Spring,6/7/2022,No,Fertilizer,164.50,215,VERY POOR,25.66,24,GOOD,19.75,52,SATISFACTORY,8.2,88,SATISFACTORY,28.50,40,GOOD,35.80,32,GOOD,2.55,60,SATISFACTORY,73,SATISFACTORY
39,Chennai,Spring,6/8/2022,No,Fertilizer,164.30,215,VERY POOR,29.65,27,GOOD,21.47,56,SATISFACTORY,8.1,88,SATISFACTORY,27.50,39,GOOD,35.90,32,GOOD,2.88,68,SATISFACTORY,75,SATISFACTORY
40,Chennai,Spring,6/9/2022,No,Fertilizer,167.00,217,VERY POOR,33.87,31,GOOD,36.87,64,SATISFACTORY,7.9,85,SATISFACTORY,24.80,34,GOOD,34.80,31,GOOD,3.41,75,SATISFACTORY,76.71428571,SATISFACTORY
41,Chennai,Spring,6/10/2022,No,Fertilizer,165.00,215,VERY POOR,39.44,37,GOOD,41.74,70,SATISFACTORY,6.3,69,SATISFACTORY,23.60,33,GOOD,33.80,31,GOOD,3.65,78,SATISFACTORY,76.14285714,SATISFACTORY
42,Chennai,Spring,6/11/2022,No,Fertilizer,166.00,216,VERY POOR,41.58,39,GOOD,47.47,75,SATISFACTORY,6.7,73,SATISFACTORY,22.90,31,GOOD,32.90,30,GOOD,4.33,85,SATISFACTORY,78.42857143,SATISFACTORY
43,Chennai,Spring,6/12/2022,No,Fertilizer,164.00,214,VERY POOR,43.99,41,GOOD,51.44,82,SATISFACTORY,5.8,64,SATISFACTORY,21.40,30,GOOD,31.80,29,GOOD,4.98,97,SATISFACTORY,79.57142857,SATISFACTORY
44,Chennai,Spring,6/13/2022,No,Fertilizer,166.00,216,VERY POOR,45.91,42,GOOD,65.41,90,SATISFACTORY,5.9,65,SATISFACTORY,20.80,29,GOOD,30.70,28,GOOD,5.44,103,MODERATE,81.85714286,SATISFACTORY
45,Chennai,Spring,6/14/2022,No,Fertilizer,162.00,212,VERY POOR,49.36,46,GOOD,76.96,107,MODERATE,4.8,54,SATISFACTORY,19.90,27,GOOD,25.60,23,GOOD,5.88,108,MODERATE,82.42857143,SATISFACTORY
46,Chennai,Spring,6/15/2022,No,Fertilizer,160.00,210,VERY POOR,51.78,48,GOOD,85.74,112,MODERATE,3.5,40,GOOD,18.50,26,GOOD,24.50,22,GOOD,5.99,114,MODERATE,81.71428571,SATISFACTORY
47,Chennai,Spring,6/16/2022,No,Fertilizer,158.00,208,VERY POOR,53.88,50,GOOD,98.74,120,MODERATE,3.3,37,GOOD,18.00,26,GOOD,23.90,21,GOOD,6.10,115,MODERATE,82.42857143,SATISFACTORY
48,Chennai,Spring,6/17/2022,No,Fertilizer,152.00,202,VERY POOR,56.74,53,SATISFACTORY,111.95,138,MODERATE,3.1,35,GOOD,19.23,27,GOOD,22.70,20,GOOD,6.98,124,MODERATE,85.57142857,SATISFACTORY
49,Chennai,Spring,6/18/2022,No,Fertilizer,150.00,200,POOR,58.95,55,SATISFACTORY,112.57,138,MODERATE,2.9,33,GOOD,16.40,23,GOOD,22.10,20,GOOD,7.88,137,MODERATE,86.57142857,SATISFACTORY
50,Chennai,Spring,6/19/2022,No,Fertilizer,140.00,140,POOR,59.25,56,SATISFACTORY,139.11,144,MODERATE,3.2,35,GOOD,15.90,21,GOOD,21.30,19,GOOD,8.95,148,MODERATE,80.42857143,SATISFACTORY
51,Chennai,Spring,6/20/2022,No,Fertilizer,135.00,192,POOR,59.99,56,SATISFACTORY,143.17,150,MODERATE,2.5,28,GOOD,14.90,20,GOOD,20.46,19,GOOD,9.55,155,MODERATE,88.57142857,SATISFACTORY
52,Chennai,Spring,6/21/2022,No,Fertilizer,136.50,193,POOR,60.78,57,SATISFACTORY,155.11,162,MODERATE,2.1,24,GOOD,14.00,20,GOOD,19.60,18,GOOD,10.33,162,MODERATE,90.85714286,SATISFACTORY
53,Chennai,Spring,6/22/2022,No,Fertilizer,129.50,189,POOR,61.88,58,SATISFACTORY,166.32,170,MODERATE,1.89,20,GOOD,13.90,19,GOOD,19.10,18,GOOD,11.55,168,MODERATE,91.71428571,SATISFACTORY
54,Chennai,Spring,6/23/2022,No,Fertilizer,128.80,189,POOR,63.54,61,SATISFACTORY,174.12,178,MODERATE,1.7,19,GOOD,13.20,19,GOOD,18.60,17,GOOD,11.95,172,MODERATE,93.57142857,SATISFACTORY
55,Chennai,Spring,6/24/2022,No,Fertilizer,128.50,189,POOR,63.88,61,SATISFACTORY,186.95,185,MODERATE,1.5,17,GOOD,13.40,19,GOOD,17.40,16,GOOD,12.88,189,MODERATE,96.57142857,SATISFACTORY
56,Chennai,Spring,6/25/2022,No,Fertilizer,127.90,188,POOR,65.11,63,SATISFACTORY,199.74,197,MODERATE,1.4,16,GOOD,12.80,17,GOOD,12.00,11,GOOD,13.55,196,MODERATE,98.28571429,SATISFACTORY
57,Chennai,Spring,6/26/2022,No,Fertilizer,125.80,187,POOR,66.85,64,SATISFACTORY,204.65,201,MODERATE,1.3,15,GOOD,12.60,17,GOOD,15.00,14,GOOD,15.44,208,MODERATE,100.8571429,MODERATE
58,Chennai,Spring,6/27/2022,No,Fertilizer,117.50,183,POOR,66.97,64,SATISFACTORY,217.48,214,MODERATE,0.8,9,GOOD,12.50,17,GOOD,13.00,12,GOOD,16.99,218,MODERATE,102.4285714,MODERATE
59,Chennai,Spring,6/28/2022,No,Fertilizer,110.60,179,POOR,69.88,67,SATISFACTORY,223.44,220,MODERATE,0.7,8,GOOD,12.40,17,GOOD,14.00,13,GOOD,17.88,226,MODERATE,104.2857143,MODERATE
60,Chennai,Spring,6/29/2022,No,Fertilizer,100.00,174,POOR,69.44,67,SATISFACTORY,224.84,220,MODERATE,0.8,9,GOOD,12.00,17,GOOD,12.00,11,GOOD,18.54,238,MODERATE,105.1428571,MODERATE
61,Chennai,Summer,6/30/2022,Yes/No,Fertilizer,98.00,173,POOR,69.44,67,SATISFACTORY,236.96,231,MODERATE,0.5,6,GOOD,11.60,16,GOOD,11.00,10,GOOD,19.88,243,MODERATE,106.5714286,MODERATE
62,Chennai,Summer,6/31/2022,yes/Entry,POL,98.50,173,POOR,69.44,67,SATISFACTORY,220.65,218,MODERATE,0.6,6,GOOD,13.55,19,GOOD,13.88,12,GOOD,18.33,235,MODERATE,104.2857143,MODERATE
63,Chennai,Summer,7/1/2022,No,POL,90.00,169,POOR,69.55,67,SATISFACTORY,215.56,213,MODERATE,0.74,8,GOOD,19.55,27,GOOD,15.99,14,GOOD,18.44,237,MODERATE,105,MODERATE
64,Chennai,Summer,7/2/2022,No,POL,89.50,169,POOR,69.53,67,SATISFACTORY,210.85,198,MODERATE,0.52,6,GOOD,19.99,27,GOOD,16.78,15,GOOD,19.33,240,MODERATE,103.1428571,MODERATE
65,Chennai,Summer,7/3/2022,No,POL,86.50,167,POOR,69.55,67,SATISFACTORY,202.65,191,MODERATE,1.23,14,GOOD,20.48,29,GOOD,18.36,17,GOOD,18.99,238,MODERATE,103.2857143,MODERATE
66,Chennai,Summer,7/4/2022,No,POL,83.40,165,POOR,68.95,66,SATISFACTORY,199.56,197,MODERATE,1.2,14,GOOD,22.48,31,GOOD,19.74,18,GOOD,18.36,236,MODERATE,103.8571429,MODERATE
67,Chennai,Summer,7/5/2022,No,POL,82.40,165,POOR,69.65,67,SATISFACTORY,189.56,188,MODERATE,1.35,15,GOOD,23.44,33,GOOD,20.44,19,GOOD,19.66,240,MODERATE,103.8571429,MODERATE
68,Chennai,Summer,7/6/2022,No,POL,81.90,165,POOR,68.99,66,SATISFACTORY,185.36,184,MODERATE,2.5,28,GOOD,24.99,34,GOOD,21.83,19,GOOD,19.99,245,MODERATE,105.8571429,MODERATE
69,Chennai,Summer,7/7/2022,No,POL,80.24,164,POOR,69.48,67,SATISFACTORY,176.95,176,MODERATE,2.3,26,GOOD,25.34,36,GOOD,20.99,19,GOOD,20.11,251,POOR,105.5714286,MODERATE
70,Chennai,Summer,7/8/2022,No,POL,79.80,164,POOR,69.84,67,SATISFACTORY,171.95,175,MODERATE,2.1,24,GOOD,26.48,37,GOOD,22.87,20,GOOD,21.77,262,POOR,107,MODERATE
71,Chennai,Summer,7/9/2022,No,POL,78.50,163,POOR,70.12,68,SATISFACTORY,165.85,170,MODERATE,2.4,27,GOOD,26.48,37,GOOD,23.66,21,GOOD,21.88,262,POOR,106.8571429,MODERATE
72,Chennai,Summer,7/10/2022,No,POL,77.20,162,POOR,70.13,68,SATISFACTORY,156.25,162,MODERATE,1.8,20,GOOD,25.88,36,GOOD,25.85,23,GOOD,21.36,258,POOR,104.1428571,MODERATE
73,Chennai,Summer,7/11/2022,No,POL,76.40,162,POOR,69.85,67,SATISFACTORY,146.52,155,MODERATE,3.5,40,GOOD,26.44,37,GOOD,26.88,24,GOOD,21.55,260,POOR,106.4285714,MODERATE
74,Chennai,Summer,7/12/2022,No,POL,74.60,161,POOR,69.58,67,SATISFACTORY,135.85,140,MODERATE,1.25,14,GOOD,27.88,39,GOOD,27.88,25,GOOD,21.96,268,POOR,102,MODERATE
75,Chennai,Summer,7/13/2022,No,POL,73.20,160,POOR,69.54,67,SATISFACTORY,131.85,138,MODERATE,3.2,35,GOOD,28.66,40,GOOD,27.99,25,GOOD,21.65,261,POOR,103.7142857,MODERATE
76,Chennai,Summer,7/14/2022,No,POL,72.10,160,POOR,70.99,68,SATISFACTORY,123.95,130,MODERATE,2.8,33,GOOD,29.44,41,GOOD,29.54,27,GOOD,22.58,260,POOR,102.7142857,MODERATE
77,Chennai,Summer,7/15/2022,No,POL,71.60,159,POOR,70.45,68,SATISFACTORY,119.74,136,MODERATE,1.8,20,GOOD,31.66,44,GOOD,30.55,28,GOOD,22.69,261,POOR,102.2857143,MODERATE
78,Chennai,Summer,7/16/2022,No,POL,70.20,159,POOR,69.33,67,SATISFACTORY,120.56,136,MODERATE,2.8,33,GOOD,32.88,46,GOOD,32.88,30,GOOD,22.47,258,POOR,104.1428571,MODERATE
79,Chennai,Summer,7/17/2022,No,POL,69.21,158,POOR,69.88,67,SATISFACTORY,119.65,135,MODERATE,3.4,40,GOOD,32.95,46,GOOD,36.55,33,GOOD,22.14,254,POOR,104.7142857,MODERATE
80,Chennai,Summer,7/18/2022,No,POL,68.30,158,POOR,69.84,67,SATISFACTORY,118.56,134,MODERATE,2.8,33,GOOD,33.54,47,GOOD,36.99,33,GOOD,22.19,254,POOR,103.7142857,MODERATE
81,Chennai,Summer,7/19/2022,No,POL,67.00,157,POOR,69.86,67,SATISFACTORY,119.54,135,MODERATE,3.4,40,GOOD,34.59,49,GOOD,38.44,35,GOOD,21.48,258,POOR,105.8571429,MODERATE
82,Chennai,Summer,7/20/2022,No,POL,66.20,157,POOR,69.35,67,SATISFACTORY,110.65,136,MODERATE,3.4,40,GOOD,35.33,50,GOOD,40.55,37,GOOD,23.85,262,POOR,107,MODERATE
83,Chennai,Summer,7/21/2022,No,POL,65.70,156,POOR,69.55,67,SATISFACTORY,102.65,126,MODERATE,3.6,41,GOOD,35.44,50,GOOD,42.88,39,GOOD,21.88,262,POOR,105.8571429,MODERATE
84,Chennai,Summer,7/22/2022,No,POL,64.50,156,POOR,69.76,67,SATISFACTORY,103.84,127,MODERATE,2.7,31,GOOD,36.45,51,MODERATE,43.11,40,GOOD,22.18,254,POOR,103.7142857,MODERATE
85,Chennai,Summer,7/23/2022,No,POL,63.20,155,POOR,69.82,67,SATISFACTORY,99.65,122,MODERATE,4.5,51,MODERATE,36.84,51,SATISFACTORY,44.89,41,GOOD,22.95,268,POOR,107.8571429,MODERATE
86,Chennai,Summer,7/24/2022,No,POL,64.10,155,POOR,69.87,67,SATISFACTORY,96.54,118,MODERATE,3.9,44,GOOD,38.55,54,SATISFACTORY,49.88,45,GOOD,22.88,262,POOR,106.4285714,MODERATE
87,Chennai,Summer,7/25/2022,No,POL,66.30,157,POOR,69.89,67,SATISFACTORY,100.65,123,MODERATE,2.4,27,GOOD,38.46,54,SATISFACTORY,50.33,46,GOOD,22.19,254,POOR,104,MODERATE
88,Chennai,Summer,7/26/2022,No,POL,67.12,157,POOR,70.99,68,SATISFACTORY,93.85,117,MODERATE,1.9,21,GOOD,39.88,55,SATISFACTORY,53.66,49,GOOD,22.36,252,POOR,102.7142857,MODERATE
89,Chennai,Summer,7/27/2022,No,POL,65.84,156,POOR,70.16,68,SATISFACTORY,94.85,118,MODERATE,2.8,33,GOOD,39.77,55,SATISFACTORY,53.99,49,GOOD,23.95,276,POOR,107.8571429,MODERATE
90,Chennai,Summer,7/28/2022,yes/Exit,POL,67.33,157,POOR,70.88,68,SATISFACTORY,85.54,112,MODERATE,2.5,28,GOOD,39.12,55,SATISFACTORY,55.99,51,SATISFACTORY,23.88,274,POOR,106.4285714,MODERATE
91,Chennai,Summer,7/29/2022,yes/Entry,Iron Ore,70.88,159,POOR,65.88,63,SATISFACTORY,85.65,112,MODERATE,3.4,40,GOOD,35.84,50,GOOD,50.56,46,GOOD,20.66,251,POOR,103,MODERATE
92,Chennai,Summer,7/30/2022,No,Iron Ore,71.89,159,POOR,64.85,62,SATISFACTORY,83.25,110,MODERATE,2.6,31,GOOD,35.99,50,GOOD,52.65,48,GOOD,19.54,240,MODERATE,100,MODERATE
93,Chennai,Summer,7/31/2022,No,Iron Ore,73.95,161,POOR,60.58,57,SATISFACTORY,82.65,108,MODERATE,3.7,42,GOOD,36.55,51,SATISFACTORY,50.65,46,GOOD,19.22,236,MODERATE,100.1428571,MODERATE
94,Chennai,Summer,8/1/2022,No,Iron Ore,74.89,161,POOR,59.88,56,SATISFACTORY,84.65,112,MODERATE,2.9,34,GOOD,36.99,51,SATISFACTORY,49.58,45,GOOD,18.56,232,MODERATE,98.71428571,SATISFACTORY
95,Chennai,Summer,8/2/2022,No,Iron Ore,78.55,163,POOR,57.48,54,SATISFACTORY,81.56,106,MODERATE,2.1,24,GOOD,36.24,51,SATISFACTORY,47.59,44,GOOD,19.54,240,MODERATE,97.42857143,SATISFACTORY
96,Chennai,Summer,8/3/2022,No,Iron Ore,79.55,163,POOR,56.85,53,SATISFACTORY,79.56,102,MODERATE,3.4,40,GOOD,36.84,51,SATISFACTORY,46.58,43,GOOD,17.56,226,MODERATE,96.85714286,SATISFACTORY
97,Chennai,Summer,8/4/2022,No,Iron Ore,80.14,164,POOR,53.22,50,GOOD,78.665,100,SATISFACTORY,2.8,33,GOOD,37.89,52,SATISFACTORY,45.25,42,GOOD,16.36,218,MODERATE,94.14285714,SATISFACTORY
98,Chennai,Summer,8/5/2022,No,Iron Ore,81.56,165,POOR,50.44,47,GOOD,75.65,98,SATISFACTORY,3.4,40,GOOD,37.88,52,SATISFACTORY,45.36,42,GOOD,17.56,226,MODERATE,95.71428571,SATISFACTORY
99,Chennai,Summer,8/6/2022,No,Iron Ore,82.68,165,POOR,49.55,46,GOOD,79.58,96,SATISFACTORY,3.6,41,GOOD,37.65,52,SATISFACTORY,43.25,40,GOOD,16.89,218,MODERATE,94,SATISFACTORY
100,Chennai,Summer,8/7/2022,No,Iron Ore,84.89,166,POOR,49.58,46,GOOD,73.25,92,SATISFACTORY,3.4,40,GOOD,38.45,54,SATISFACTORY,41.25,38,GOOD,16.66,216,MODERATE,93.14285714,SATISFACTORY
101,Chennai,Summer,8/8/2022,No,Iron Ore,86.59,167,POOR,49.58,46,GOOD,70.21,90,SATISFACTORY,2.7,31,GOOD,38.98,54,SATISFACTORY,39.54,36,GOOD,15.25,210,MODERATE,90.57142857,SATISFACTORY
102,Chennai,Summer,8/9/2022,No,Iron Ore,88.59,167,POOR,48.52,45,GOOD,69.12,90,SATISFACTORY,2.6,31,GOOD,39.45,55,SATISFACTORY,39.58,56,GOOD,16.85,220,MODERATE,94.85714286,SATISFACTORY
103,Chennai,Summer,8/10/2022,No,Iron Ore,90.15,169,POOR,46.85,43,GOOD,59.58,84,SATISFACTORY,3.1,35,GOOD,39.88,55,SATISFACTORY,36.52,33,GOOD,16.58,218,MODERATE,91,SATISFACTORY
104,Chennai,Summer,8/11/2022,No,Iron Ore,94.89,171,POOR,39.45,37,GOOD,55.65,82,SATISFACTORY,2.9,34,GOOD,40.55,56,SATISFACTORY,35.24,32,GOOD,15.25,210,MODERATE,88.85714286,SATISFACTORY
105,Chennai,Summer,8/12/2022,No,Iron Ore,96.88,172,POOR,35.25,33,GOOD,49.56,78,SATISFACTORY,2.7,31,GOOD,40.89,56,SATISFACTORY,33.58,31,GOOD,15.26,210,MODERATE,87.28571429,SATISFACTORY
106,Chennai,Summer,8/13/2022,No,Iron Ore,96.88,172,POOR,33.84,31,GOOD,50.25,80,SATISFACTORY,2.6,31,GOOD,41.55,57,SATISFACTORY,31.58,29,GOOD,15.58,212,MODERATE,87.42857143,SATISFACTORY
107,Chennai,Summer,8/14/2022,No,Iron Ore,100.78,174,POOR,32.52,30,GOOD,49.65,78,SATISFACTORY,3.2,35,GOOD,39.55,55,SATISFACTORY,31.95,29,GOOD,15.65,212,MODERATE,87.57142857,SATISFACTORY
108,Chennai,Summer,8/15/2022,No,Iron Ore,108.56,178,POOR,31.55,29,GOOD,45.25,75,SATISFACTORY,3.5,40,GOOD,38.44,54,SATISFACTORY,29.54,27,GOOD,14.65,200,MODERATE,86.14285714,SATISFACTORY
109,Chennai,Summer,8/16/2022,No,Iron Ore,112.85,181,POOR,30.45,28,GOOD,39.65,65,SATISFACTORY,3.6,41,GOOD,40.78,56,SATISFACTORY,29.56,27,GOOD,14.95,206,MODERATE,86.28571429,SATISFACTORY
110,Chennai,Summer,8/17/2022,No,Iron Ore,115.38,182,POOR,29.55,27,GOOD,37.45,62,SATISFACTORY,3.2,35,GOOD,41.98,57,SATISFACTORY,29.85,27,GOOD,14.65,208,MODERATE,85.42857143,SATISFACTORY
111,Chennai,Summer,8/18/2022,No,Iron Ore,125.85,187,POOR,31.58,29,GOOD,38.95,65,SATISFACTORY,2.8,33,GOOD,41.99,57,SATISFACTORY,29.11,27,GOOD,13.29,196,MODERATE,84.85714286,SATISFACTORY
112,Chennai,Summer,8/19/2022,No,Iron Ore,134.52,192,POOR,25.95,24,GOOD,37.58,65,SATISFACTORY,3.1,35,GOOD,42.44,59,SATISFACTORY,28.56,26,GOOD,13.95,196,MODERATE,85.28571429,SATISFACTORY
113,Chennai,Summer,8/20/2022,No,Iron Ore,138.95,194,POOR,23.85,22,GOOD,34.59,63,SATISFACTORY,3.5,40,GOOD,39.55,55,SATISFACTORY,26.52,24,GOOD,12.85,189,MODERATE,83.85714286,SATISFACTORY
114,Chennai,Summer,8/21/2022,No,Iron Ore,140.52,195,POOR,19.58,18,GOOD,33.14,60,SATISFACTORY,3.24,35,GOOD,38.54,54,SATISFACTORY,25.54,23,GOOD,11.65,169,MODERATE,79.14285714,SATISFACTORY
115,Chennai,Summer,8/22/2022,No,Iron Ore,143.25,196,POOR,20.44,19,GOOD,31.85,58,SATISFACTORY,2.8,33,GOOD,40.65,56,SATISFACTORY,26.45,24,GOOD,11.95,172,MODERATE,79.71428571,SATISFACTORY
116,Chennai,Summer,8/23/2022,No,Iron Ore,149.58,199,POOR,22.88,21,GOOD,29.54,56,SATISFACTORY,3.1,35,GOOD,40.89,56,SATISFACTORY,24.39,22,GOOD,11.36,165,MODERATE,79.14285714,SATISFACTORY
117,Chennai,Summer,8/24/2022,No,Iron Ore,150.58,200,POOR,21.44,20,GOOD,25.35,52,SATISFACTORY,3.5,40,GOOD,41.98,57,SATISFACTORY,23.88,21,GOOD,11.85,172,MODERATE,80.28571429,SATISFACTORY
118,Chennai,Summer,8/25/2022,No,Iron Ore,156.25,206,VERY POOR,20.98,19,GOOD,22.48,52,SATISFACTORY,2.8,33,GOOD,42.58,59,SATISFACTORY,20.14,19,GOOD,10.25,162,MODERATE,78.57142857,SATISFACTORY
119,Chennai,Summer,8/26/2022,No,Iron Ore,158.55,208,VERY POOR,20.45,19,GOOD,20.14,50,SATISFACTORY,3.4,40,GOOD,39.47,55,SATISFACTORY,21.04,19,GOOD,13.25,169,MODERATE,80,SATISFACTORY
120,Chennai,Summer,8/27/2022,No,Iron Ore,159.85,209,VERY POOR,19.56,18,GOOD,25.45,56,SATISFACTORY,3.8,44,GOOD,40.89,56,SATISFACTORY,19.66,18,GOOD,10.95,166,MODERATE,81,SATISFACTORY
121,Chennai,Summer,8/28/2022,yes/Exit,Iron Ore,160.58,210,VERY POOR,20.48,19,GOOD,22.98,52,SATISFACTORY,4.2,48,GOOD,41.98,57,SATISFACTORY,19.66,18,GOOD,10.84,166,MODERATE,81.42857143,SATISFACTORY
122,Visakapatnam,winter,01-01-2020,Yes/Entry,Coal,1.5,6,GOOD,1,1,GOOD,0.5,6,GOOD,0.11,1,GOOD,0.21,0,GOOD,6.43,6,GOOD,1.54,33,GOOD,,
123,Visakapatnam,winter,02-01-2020,No,Coal,2.6,11,GOOD,2.2,2,GOOD,0.66,7,GOOD,0.22,2,GOOD,0.22,0,GOOD,7.88,6,GOOD,1.56,36,GOOD,,
124,Visakapatnam,winter,03-01-2020,No,Coal,5.8,24,GOOD,2.3,2,GOOD,1.2,14,GOOD,0.34,3,GOOD,0.34,0,GOOD,8.21,7,GOOD,1.6,39,GOOD,,
125,Visakapatnam,winter,04-01-2020,No,Coal,6.9,29,GOOD,2.7,2,GOOD,2.3,26,GOOD,0.45,5,GOOD,0.45,0,GOOD,9.87,9,GOOD,1.74,42,GOOD,,
126,Visakapatnam,winter,05-01-2020,No,Coal,8.2,34,GOOD,3.4,3,GOOD,2.59,28,GOOD,0.67,7,GOOD,0.67,0,GOOD,15,14,GOOD,1.86,47,GOOD,,
127,Visakapatnam,winter,06-01-2020,No,Coal,8.4,35,GOOD,3.7,3,GOOD,2.68,30,GOOD,0.89,9,GOOD,0.88,0,GOOD,17.89,16,GOOD,1.9,49,GOOD,,
128,Visakapatnam,winter,07-01-2020,No,Coal,9.4,39,GOOD,3.3,3,GOOD,2.67,30,GOOD,0.99,10,GOOD,0.9,0,GOOD,19.9,18,GOOD,2.05,50,SATISFACTORY,,
129,Visakapatnam,winter,08-01-2020,No,Coal,10.4,43,GOOD,3.8,3,GOOD,2.56,28,GOOD,1.23,14,GOOD,1.21,1,GOOD,20.87,19,GOOD,2.16,52,SATISFACTORY,,
130,Visakapatnam,winter,09-01-2020,No,Coal,14.5,56,SATISFACTORY,7.6,7,GOOD,2.35,26,GOOD,1.45,16,GOOD,1.34,1,GOOD,22.34,20,GOOD,2.25,53,SATISFACTORY,,
131,Visakapatnam,winter,10-01-2020,No,Coal,22.23,72,SATISFACTORY,7,7,GOOD,2.98,33,GOOD,1.78,19,GOOD,1.77,1,GOOD,25.67,23,GOOD,2.36,55,SATISFACTORY,,
132,Visakapatnam,winter,11-01-2020,No,Coal,39.023,110,MODERATE,8.4,8,GOOD,3.45,39,GOOD,1.56,17,GOOD,1.88,1,GOOD,28.9,27,GOOD,2.45,56,SATISFACTORY,,
133,Visakapatnam,winter,12-01-2020,No,Coal,46.01,127,MODERATE,5.6,5,GOOD,3.65,41,GOOD,1.89,20,GOOD,2.2,3,GOOD,29.01,27,GOOD,2.51,56,SATISFACTORY,,
134,Visakapatnam,winter,13-01-2020,No,Coal,52.23,142,MODERATE,5,5,GOOD,3.01,34,GOOD,2.12,24,GOOD,2.45,3,GOOD,30.33,28,GOOD,2.64,57,SATISFACTORY,,
135,Visakapatnam,winter,14-01-2020,No,Coal,78.89,163,POOR,3.4,3,GOOD,3.56,40,GOOD,2.22,25,GOOD,2.56,3,GOOD,35.67,32,GOOD,2.78,58,SATISFACTORY,,
136,Visakapatnam,winter,15-01-2020,No,Coal,89.75,169,POOR,3.3,3,GOOD,3.24,36,GOOD,2.3,26,GOOD,4,6,GOOD,45.91,42,GOOD,2.81,60,SATISFACTORY,,
137,Visakapatnam,winter,16-01-2020,No,Coal,92.23,170,POOR,4,4,GOOD,3.68,41,GOOD,2.34,26,GOOD,5.6,7,GOOD,55.67,51,SATISFACTORY,2.91,62,SATISFACTORY,,
138,Visakapatnam,winter,17-01-2020,No,Coal,97.03,172,POOR,3.7,3,GOOD,3.91,44,GOOD,2.45,27,GOOD,7.78,10,GOOD,60.7,67,SATISFACTORY,3.11,63,SATISFACTORY,,
139,Visakapatnam,winter,18-01-2020,No,Coal,100.98,174,POOR,6,6,GOOD,3.27,36,GOOD,2.55,28,GOOD,7.9,10,GOOD,66.78,87,SATISFACTORY,3.02,62,SATISFACTORY,,
140,Visakapatnam,winter,19-01-2020,No,Coal,112.78,181,POOR,5.5,5,GOOD,3.98,44,GOOD,2.57,28,GOOD,8,11,GOOD,69.23,69,SATISFACTORY,2.69,57,SATISFACTORY,,
141,Visakapatnam,winter,20-01-2020,No,Coal,129.16,189,POOR,7.7,7,GOOD,4,45,GOOD,2.67,30,GOOD,8.5,11,GOOD,70.89,101,MODERATE,3.12,63,SATISFACTORY,,
142,Visakapatnam,winter,21-01-2020,No,Coal,134.89,192,POOR,6.6,6,GOOD,4.12,47,GOOD,2.78,31,GOOD,8.45,11,GOOD,71.1,101,MODERATE,3.01,62,SATISFACTORY,,
143,Visakapatnam,winter,22-01-2020,No,Coal,136.65,193,POOR,5.5,5,GOOD,4.25,48,GOOD,3.24,36,GOOD,8.9,11,GOOD,72.2,105,MODERATE,2.88,59,SATISFACTORY,,
144,Visakapatnam,winter,23-01-2020,No,Coal,140.76,195,POOR,8,8,GOOD,4.12,47,GOOD,2.68,30,GOOD,10.03,14,GOOD,73,108,MODERATE,2.98,61,SATISFACTORY,,
145,Visakapatnam,winter,24-01-2020,No,Coal,145.46,197,POOR,8.5,8,GOOD,4.03,45,GOOD,2.69,30,GOOD,11.45,16,GOOD,74.1,112,MODERATE,3.05,63,SATISFACTORY,,
146,Visakapatnam,winter,25-01-2020,No,Coal,147.55,199,POOR,7.9,7,GOOD,3.99,44,GOOD,2.79,31,GOOD,12.21,17,GOOD,75.66,115,MODERATE,3.06,63,SATISFACTORY,,
147,Visakapatnam,winter,26-01-2020,No,Coal,154.29,205,VERY POOR,9,9,GOOD,3.89,43,GOOD,2.99,34,GOOD,12.42,17,GOOD,76.89,119,MODERATE,3.01,61,SATISFACTORY,,
148,Visakapatnam,winter,27-01-2020,No,Coal,159,209,VERY POOR,9.5,9,GOOD,3.99,44,GOOD,3,34,GOOD,12.56,17,GOOD,77.8,122,MODERATE,2.95,59,SATISFACTORY,,
149,Visakapatnam,winter,28-01-2020,No,Coal,160,209,VERY POOR,10.77,9,GOOD,4.15,48,GOOD,3.1,35,GOOD,12.67,17,GOOD,80.9,136,MODERATE,2.89,57,SATISFACTORY,,
150,Visakapatnam,winter,29-01-2020,No,Coal,162,212,VERY POOR,13.6,12,GOOD,4.21,48,GOOD,2.43,27,GOOD,14.39,20,GOOD,83,143,MODERATE,2.99,59,SATISFACTORY,,
151,Visakapatnam,winter,30-01-2020,No,Coal,166,216,VERY POOR,14.23,13,GOOD,4.29,48,GOOD,2.78,31,GOOD,16.7,23,GOOD,83.4,143,MODERATE,2.55,56,SATISFACTORY,,
152,Visakapatnam,winter,31-01-2020,Yes/Left,Fertilizer ,164,214,VERY POOR,15.5,14,GOOD,5.26,58,SATISFACTORY,2.77,30,GOOD,16.73,23,GOOD,83,143,MODERATE,2.65,57,SATISFACTORY,,
153,Visakapatnam,spring,01-02-2020,Yes/Entry,Fertilizer ,160,209,VERY POOR,17,16,GOOD,5.36,59,SATISFACTORY,2.76,31,GOOD,15.99,23,GOOD,82.45,142,MODERATE,2.75,58,SATISFACTORY,,
154,Visakapatnam,spring,02-02-2020,No,Fertilizer ,162,212,VERY POOR,19.38,18,GOOD,6.24,68,SATISFACTORY,2.74,31,GOOD,15.67,21,GOOD,81.8,136,MODERATE,2.85,59,SATISFACTORY,,
155,Visakapatnam,spring,03-02-2020,No,Fertilizer ,158,208,VERY POOR,22,21,GOOD,6.89,74,SATISFACTORY,2.443,27,GOOD,15.6,21,GOOD,80.5,136,MODERATE,2.96,59,SATISFACTORY,,
156,Visakapatnam,spring,04-02-2020,No,Fertilizer ,140,195,POOR,24,23,GOOD,6.99,75,SATISFACTORY,2.6,30,GOOD,15.4,212,GOOD,78,126,MODERATE,2.99,62,SATISFACTORY,,
157,Visakapatnam,spring,05-02-2020,No,Fertilizer ,120,184,POOR,29,27,GOOD,7.15,77,SATISFACTORY,2.54,28,GOOD,15.34,21,GOOD,78.4,127,MODERATE,3.02,63,SATISFACTORY,,
158,Visakapatnam,spring,06-02-2020,No,Fertilizer ,134,192,POOR,34.11,32,GOOD,7.25,78,SATISFACTORY,2.55,28,GOOD,15.6,21,GOOD,78.2,127,MODERATE,3.14,63,SATISFACTORY,,
159,Visakapatnam,spring,07-02-2020,No,Fertilizer ,111,180,POOR,39,37,GOOD,7.65,82,SATISFACTORY,2.49,27,GOOD,15.23,21,GOOD,70.8,100,SATISFACTORY,3.25,64,SATISFACTORY,,
160,Visakapatnam,spring,08-02-2020,No,Fertilizer ,110,179,POOR,40.4,38,GOOD,7.48,80,SATISFACTORY,2.49,27,GOOD,14.7,20,GOOD,69.8,97,SATISFACTORY,3.65,66,SATISFACTORY,,
161,Visakapatnam,spring,09-02-2020,No,Fertilizer ,100,174,POOR,44,42,GOOD,7.89,84,SATISFACTORY,2.47,26,GOOD,13.56,19,GOOD,69.32,97,SATISFACTORY,3.78,67,SATISFACTORY,,
162,Visakapatnam,spring,10-02-2020,No,Fertilizer ,93,170,POOR,48,45,GOOD,9.65,103,MODERATE,2.66,30,GOOD,12.33,17,GOOD,62.87,74,SATISFACTORY,3.99,69,SATISFACTORY,,
163,Visakapatnam,spring,11-02-2020,No,Fertilizer ,45,124,MODERATE,49,46,GOOD,9.09,96,SATISFACTORY,2.45,27,GOOD,14.55,20,GOOD,58.23,61,SATISFACTORY,4.01,72,SATISFACTORY,,
164,Visakapatnam,spring,12-02-2020,No,Fertilizer ,89,168,POOR,55,52,MODERATE,10.25,113,NODERATE,2.45,27,GOOD,11.45,16,GOOD,55.43,51,SATISFACTORY,4.05,77,SATISFACTORY,,
165,Visakapatnam,spring,13-02-2020,No,Fertilizer ,88,168,POOR,60.66,57,MODERATE,12.5,147,MODERATE,2.45,27,GOOD,11.76,16,GOOD,52.21,48,GOOD,4.13,78,SATISFACTORY,,
166,Visakapatnam,spring,14-02-2020,No,Fertilizer ,67,157,POOR,63,61,MODERATE,13.78,171,POOR,2.33,26,GOOD,10.98,16,GOOD,50.34,46,GOOD,4.22,78,SATISFACTORY,,
167,Visakapatnam,spring,15-02-2020,No,Fertilizer ,66,156,POOR,64,62,MODERATE,14.65,186,POOR,2.22,25,GOOD,9.8,13,GOOD,49.54,45,GOOD,4.35,79,SATISFACTORY,,
168,Visakapatnam,spring,16-02-2020,No,Fertilizer ,70,158,POOR,66,64,MODERATE,16.53,208,VERY POOR,2.19,25,GOOD,9.76,13,GOOD,48.9,45,GOOD,4.46,80,SATISFACTORY,,
169,Visakapatnam,spring,17-02-2020,No,Fertilizer ,72,160,POOR,66.6,64,MODERATE,17.85,216,VERY POOR,2.2,25,GOOD,9.54,13,GOOD,47.6,44,GOOD,4.65,83,SATISFACTORY,,
170,Visakapatnam,spring,18-02-2020,No,Fertilizer ,64,155,POOR,67.78,65,MODERATE,17.98,217,VERY POOR,2.18,24,GOOD,9.23,13,GOOD,46.78,44,GOOD,4.85,84,SATISFACTORY,,
171,Visakapatnam,spring,19-02-2020,No,Fertilizer ,59,153,POOR,68,66,MODERATE,18.56,221,VERY POOR,2.2,25,GOOD,9.12,13,GOOD,46.84,43,GOOD,4.99,87,SATISFACTORY,,
172,Visakapatnam,spring,20-02-2020,No,Fertilizer ,57,152,POOR,68.35,66,MODERATE,18.66,222,VERY POOR,2.17,24,GOOD,8.77,13,GOOD,45.67,43,GOOD,5.03,88,SATISFACTORY,,
173,Visakapatnam,spring,21-02-2020,No,Fertilizer ,55,149,POOR,70,68,MODERATE,18.88,223,VERY POOR,2.15,24,GOOD,8.54,13,GOOD,42.91,42,GOOD,5.16,89,SATISFACTORY,,
174,Visakapatnam,spring,22-02-2020,No,Fertilizer ,50,137,MODERATE,72.33,70,MODERATE,19.12,225,VERY POOR,2.09,23,GOOD,8.9,13,GOOD,42.38,42,GOOD,5.25,90,SATISFACTORY,,
175,Visakapatnam,spring,23-02-2020,No,Fertilizer ,48,132,MODERATE,72.4,70,MODERATE,19.56,228,VERY POOR,2.89,32,GOOD,8.34,11,GOOD,42.22,42,GOOD,5.36,91,SATISFACTORY,,
176,Visakapatnam,spring,24-02-2020,No,Fertilizer ,46,127,MODERATE,75,73,MODERATE,20.87,236,VERY POOR,2,23,GOOD,8.12,11,GOOD,41.7,42,GOOD,5.45,92,SATISFACTORY,,
177,Visakapatnam,spring,25-02-2020,No,Fertilizer ,32,93,SATISFACTORY,76,74,MODERATE,21.5,241,VERY POOR,1.99,23,GOOD,7.6,9,GOOD,40.4,37,GOOD,5.69,94,SATISFACTORY,,
178,Visakapatnam,spring,26-02-2020,No,Fertilizer ,33,95,SATISFACTORY,77,76,MODERATE,22,244,VERY POOR,1.97,23,GOOD,6.6,9,GOOD,40.33,37,GOOD,5.88,99,SATISFACTORY,,
179,Visakapatnam,spring,27-02-2020,No,Fertilizer ,25,78,SATISFACTORY,77.89,76,MODERATE,22.98,251,VERY POOR,1.96,23,GOOD,5.43,7,GOOD,40.22,37,GOOD,6.11,101,MODERATE,,
180,Visakapatnam,spring,28-02-2020,No,Fertilizer ,22,72,SATISFACTORY,78,77,MODERATE,23.65,255,VERY POOR,1.93,22,GOOD,5.22,7,GOOD,37.9,35,GOOD,6.35,103,MODERATTE,,
181,Visakapatnam,spring,29-02-2020,No,Fertilizer ,27,82,SATISFACTORY,78.9,77,MODERATE,24,257,VERY POOR,1.9,22,GOOD,4.8,6,GOOD,35.67,32,GOOD,6.95,112,MODERATTE,,
182,Visakapatnam,spring,01-03-2020,Yes/Left,Fertilizer ,28,84,SATISFACTORY,79,78,MODERATE,24.56,261,VERY POOR,1.89,21,GOOD,4.66,6,GOOD,35.5,32,GOOD,7.08,113,MODERATTE,,
183,Visakapatnam,spring,02-03-2020,Yes/Entry,POL,28,84,SATISFACTORY,79,78,MODERATE,23.56,254,VERY POOR,1.87,20,GOOD,6.78,9,GOOD,35.6,32,GOOD,7.25,115,MODERATTE,,
184,Visakapatnam,spring,03-03-2020,No,POL,27,82,SATISFACTORY,79.82,78,MODERATE,22.03,244,VERY POOR,1.96,23,GOOD,7.89,10,GOOD,37.8,35,GOOD,7.65,117,MODERATTE,,
185,Visakapatnam,spring,04-03-2020,No,POL,27.5,83,SATISFACTORY,77,76,MODERATE,22.87,250,VERY POOR,1.87,20,GOOD,8.99,13,GOOD,37.98,35,GOOD,7.78,119,MODERATTE,,
186,Visakapatnam,spring,05-03-2020,No,POL,22,72,SATISFACTORY,78,77,MODERATE,20.45,234,VERY POOR,1.89,21,GOOD,9.12,13,GOOD,38.9,35,GOOD,7.99,124,MODERATTE,,
187,Visakapatnam,spring,06-03-2020,No,POL,20,68,SATISFACTORY,76,75,MODERATE,19.89,230,VERY POOR,1.88,21,GOOD,9.23,13,GOOD,40.12,36,GOOD,8.05,125,MODERATTE,,
188,Visakapatnam,spring,07-03-2020,No,POL,21,70,SATISFACTORY,74,73,MODERATE,19.87,230,VERY POOR,1.85,21,GOOD,9.34,13,GOOD,41.23,38,GOOD,8.11,126,MODERATTE,,
189,Visakapatnam,spring,08-03-2020,No,POL,24,76,SATISFACTORY,79,78,MODERATE,19.86,230,VERY POOR,1.87,20,GOOD,9.36,13,GOOD,41.56,38,GOOD,8.15,127,MODERATTE,,
190,Visakapatnam,spring,09-03-2020,No,POL,26,80,SATISFACTORY,74,73,MODERATE,18.87,223,VERY POOR,1.83,20,GOOD,9.45,13,GOOD,41.67,38,GOOD,8.25,128,MODERATTE,,
191,Visakapatnam,spring,10-03-2020,No,POL,26.75,82,SATISFACTORY,73,72,MODERATE,18.56,221,VERY POOR,1.82,20,GOOD,9.5,13,GOOD,42.34,39,GOOD,8.36,129,MODERATTE,,
192,Visakapatnam,spring,11-03-2020,No,POL,24.56,81,SATISFACTORY,73.35,72,MODERATE,18.24,219,VERY POOR,1.81,20,GOOD,9.7,13,GOOD,43.56,40,GOOD,8.49,130,MODERATTE,,
193,Visakapatnam,spring,12-03-2020,No,POL,23,74,SATISFACTORY,72.23,71,MODERATE,18.06,218,VERY POOR,1.8,20,GOOD,9.88,13,GOOD,47.8,44,GOOD,8.57,131,MODERATTE,,
194,Visakapatnam,spring,13-03-2020,No,POL,22,72,SATISFACTORY,70,69,MODERATE,18,218,VERY POOR,1.71,19,GOOD,10.09,14,GOOD,49.76,45,GOOD,8.64,132,MODERATTE,,
195,Visakapatnam,spring,14-03-2020,No,POL,22.56,73,SATISFACTORY,65,63,MODERATE,17.99,218,VERY POOR,1.79,19,GOOD,10.45,14,GOOD,50.34,46,GOOD,8.72,133,MODERATTE,,
196,Visakapatnam,spring,15-03-2020,No,POL,21,70,SATISFACTORY,66.45,64,MODERATE,17.25,212,VERY POOR,1.78,19,GOOD,10.67,14,GOOD,55.67,51,SATISFACTORY,8.84,135,MODERATTE,,
197,Visakapatnam,spring,16-03-2020,No,POL,24,76,SATISFACTORY,63.65,61,MODERATE,17.65,215,VERY POOR,1.75,19,GOOD,10.78,14,GOOD,52.78,48,GOOD,8.92,137,MODERATTE,,
198,Visakapatnam,spring,17-03-2020,No,POL,22,72,SATISFACTORY,62.85,60,MODERATE,17.58,214,VERY POOR,1.76,19,GOOD,10.45,14,GOOD,56.88,54,SATISFACTORY,9.01,138,MODERATTE,,
199,Visakapatnam,spring,18-03-2020,No,POL,19.67,67,SATISFACTORY,60.12,57,MODERATE,17.62,215,VERY POOR,175,19,GOOD,10.88,14,GOOD,59.87,64,SATISFACTORY,8.99,137,MODERATTE,,
200,Visakapatnam,spring,19-03-2020,No,POL,18,63,SATISFACTORY,59.65,56,MODERATE,17.45,214,VERY POOR,1.56,17,GOOD,10.89,14,GOOD,60.12,67,SATISFACTORY,8.95,136,MODERATTE,,
201,Visakapatnam,spring,20-03-2020,No,POL,17.65,63,SATISFACTORY,59,56,MODERATE,17.22,212,VERY POOR,1.54,17,GOOD,10.9,14,GOOD,62.34,74,SATISFACTORY,8.92,137,MODERATTE,,
202,Visakapatnam,spring,21-03-2020,No,POL,16,59,SATISFACTORY,57.65,54,MODERATE,17.05,211,VERY POOR,1.53,17,GOOD,11.21,16,GOOD,68.9,97,SATISFACTORY,8.94,137,MODERATTE,,
203,Visakapatnam,spring,22-03-2020,No,POL,16.43,60,SATISFACTORY,54.87,51,MODERATE,16.89,210,VERY POOR,1.5,17,GOOD,11.34,16,GOOD,69.45,97,SATISFACTORY,8.92,137,MODERATTE,,
204,Visakapatnam,spring,23-03-2020,No,POL,16,59,SATISFACTORY,52.36,49,MODERATE,18.87,223,VERY POOR,1.41,16,GOOD,12.56,17,GOOD,70.43,100,SATISFACTORY,8.96,137,MODERATTE,,
205,Visakapatnam,spring,24-03-2020,No,POL,15,57,SATISFACTORY,55,52,MODERATE,19,224,VERY POOR,1.47,16,GOOD,12.87,17,GOOD,71.23,101,MODERATE,8.47,135,MODERATTE,,
206,Visakapatnam,spring,25-03-2020,No,POL,14.87,57,SATISFACTORY,54.23,51,MODERATE,16.66,208,VERY POOR,1.46,16,GOOD,12.9,17,GOOD,73.47,108,MODERATE,8.65,132,MODERATTE,,
207,Visakapatnam,spring,26-03-2020,No,POL,14,55,SATISFACTORY,54,51,MODERATE,16.54,208,VERY POOR,1.45,16,GOOD,13.43,19,GOOD,73.55,108,MODERATE,8.75,132,MODERATTE,,
208,Visakapatnam,spring,27-03-2020,No,POL,13.55,54,SATISFACTORY,53.26,50,GOOD,18,218,VERY POOR,1.43,16,GOOD,13.55,19,GOOD,76.78,119,MODERATE,8.89,133,MODERATTE,,
209,Visakapatnam,spring,28-03-2020,No,POL,13.34,54,SATISFACTORY,52.87,49,GOOD,16.97,211,VERY POOR,1.42,16,GOOD,13.67,19,GOOD,80.99,136,MODERATE,8.89,133,MODERATTE,,
210,Visakapatnam,spring,29-03-2020,No,POL,13.24,53,SATISFACTORY,52.14,49,GOOD,15.98,204,VERY POOR,1.41,16,GOOD,13.78,19,GOOD,82.03,140,MODERATE,9.03,137,MODERATTE,,
211,Visakapatnam,spring,30-03-2020,No,POL,13,53,SATISFACTORY,50,47,GOOD,15.57,201,VERY POOR,1.4,16,GOOD,13.97,19,GOOD,82,140,MODERATE,9.05,137,MODERATTE,,
212,Visakapatnam,spring,31-03-2020,Yes/Left,Iron Ore,14,55,SATISFACTORY,45,42,GOOD,15.48,200,POOR,1.39,16,GOOD,14.04,20,GOOD,70.4,100,SATISFACTORY,9.02,137,MODERATTE,,
213,Visakapatnam,summer,01-04-2020,Yes/Entry,Iron Ore,16.78,61,SATISFACTORY,44,41,GOOD,15.26,197,POOR,1.38,15,GOOD,14.07,20,GOOD,65.6,84,SATISFACTORY,9.01,137,MODERATTE,,
214,Visakapatnam,summer,02-04-2020,No,Iron Ore,23.56,75,SATISFACTORY,42,39,GOOD,15.06,193,POOR,1.37,15,GOOD,15.55,21,GOOD,64.3,80,SATISFACTORY,8.96,136,MODERATTE,,
215,Visakapatnam,summer,03-04-2020,No,Iron Ore,29.06,87,SATISFACTORY,41,39,GOOD,14.64,186,POOR,1.35,15,GOOD,15.56,21,GOOD,62.4,74,SATISFACTORY,8.9,135,MODERATTE,,
216,Visakapatnam,summer,04-04-2020,No,Iron Ore,30,89,SATISFACTORY,42,39,GOOD,15.99,204,VERY POOR,1.34,15,GOOD,15.58,21,GOOD,61.5,71,SATISFACTORY,8.81,134,MODERATTE,,
217,Visakapatnam,summer,05-04-2020,No,Iron Ore,39,110,MODERATE,39.56,37,GOOD,15.48,200,POOR,1.33,15,GOOD,15.67,21,GOOD,60.68,67,GOOD,8.75,133,MODERATTE,,
218,Visakapatnam,summer,06-04-2020,No,Iron Ore,41,115,MODERATE,38.45,36,GOOD,14,176,POOR,1.312,15,GOOD,15.78,21,GOOD,57.21,58,GOOD,8.65,132,MODERATTE,,
219,Visakapatnam,summer,07-04-2020,No,Iron Ore,55,149,MODERATE,33,31,GOOD,14.26,180,POOR,1.3,15,GOOD,15.6,21,GOOD,55.45,51,GOOD,8.55,133,MODERATTE,,
220,Visakapatnam,summer,08-04-2020,No,Iron Ore,63,155,POOR,32.54,30,GOOD,12,143,MODERATE,1.29,15,GOOD,15.78,21,GOOD,52.98,49,GOOD,8.46,132,MODERATTE,,
221,Visakapatnam,summer,09-04-2020,No,Iron Ore,70.08,158,POOR,30.15,28,GOOD,12.56,151,MODERATE,1.28,14,GOOD,15.89,21,GOOD,49.9,46,GOOD,8.33,121,MODERATTE,,
222,Visakapatnam,summer,10-04-2020,No,Iron Ore,74,161,POOR,29.58,27,GOOD,11.23,130,MODERATE,1.27,14,GOOD,15.98,21,GOOD,49,45,GOOD,7.99,125,MODERATTE,,
223,Visakapatnam,summer,11-04-2020,No,Iron Ore,77,162,POOR,27.25,25,GOOD,10.25,123,MODERATE,1.56,14,GOOD,16.1,23,GOOD,47.24,44,GOOD,7.85,123,MODERATTE,,
224,Visakapatnam,summer,12-04-2020,No,Iron Ore,78,163,POOR,26,24,GOOD,10.89,123,MODERATE,1.3,14,GOOD,16.14,23,GOOD,46.67,43,GOOD,7.76,122,MODERATTE,,
225,Visakapatnam,summer,13-04-2020,No,Iron Ore,80,164,POOR,25.5,23,GOOD,11,126,MODERATE,1.22,14,GOOD,16.2,23,GOOD,45.32,42,GOOD,7.56,121,MODERATTE,,
226,Visakapatnam,summer,14-04-2020,No,Iron Ore,85.44,166,POOR,24.87,22,GOOD,9.54,101,MODERATE,1.21,14,GOOD,16.25,23,GOOD,41.22,41,GOOD,7.35,120,MODERATTE,,
227,Visakapatnam,summer,15-04-2020,No,Iron Ore,87,167,POOR,23.55,21,GOOD,9.87,106,MODERATE,1.2,14,GOOD,16.24,23,GOOD,39.33,41,GOOD,7.13,115,MODERATTE,,
228,Visakapatnam,summer,16-04-2020,No,Iron Ore,88,168,POOR,22.14,20,GOOD,8.88,94,SATISFACTORY,1.11,13,GOOD,16.56,23,GOOD,36.9,36,GOOD,7.03,114,MODERATTE,,
229,Visakapatnam,summer,17-04-2020,No,Iron Ore,90,169,POOR,20.54,19,GOOD,8.89,94,SATISFACTORY,1,11,GOOD,16.6,23,GOOD,34.97,31,GOOD,6.95,109,MODERATTE,,
230,Visakapatnam,summer,18-04-2020,No,Iron Ore,110.43,179,POOR,19.32,18,GOOD,8.56,91,SATISFACTORY,0.98,10,GOOD,16.66,23,GOOD,32.89,30,GOOD,6.85,108,MODERATTE,,
231,Visakapatnam,summer,19-04-2020,No,Iron Ore,121,185,POOR,18.64,17,GOOD,8.23,88,SATISFACTORY,0.87,9,GOOD,16.5,23,GOOD,30.11,28,GOOD,6.65,105,MODERATTE,,
232,Visakapatnam,summer,20-04-2020,No,Iron Ore,135.6,192,POOR,18,17,GOOD,8.45,90,SATISFACTORY,0.77,8,GOOD,16.42,23,GOOD,27.34,25,GOOD,6.25,103,MODERATTE,,
233,Visakapatnam,summer,21-04-2020,No,Iron Ore,140,195,POOR,16.52,15,GOOD,8.76,93,SATISFACTORY,0.76,8,GOOD,16.5,23,GOOD,25.5,23,GOOD,5.65,87,SATISFACTORY,,
234,Visakapatnam,summer,22-04-2020,No,Iron Ore,152.511,203,VERY POOR,16.45,15,GOOD,8.94,95,SATISFACTORY,0.75,8,GOOD,16.45,23,GOOD,23,21,GOOD,5.45,86,SATISFACTORY,,
235,Visakapatnam,summer,23-04-2020,No,Iron Ore,167,217,VERY POOR,16.03,15,GOOD,7.65,82,SATISFACTORY,0.56,6,GOOD,16.66,23,GOOD,21,19,GOOD,5.12,85,SATISFACTORY,,
236,Visakapatnam,summer,24-04-2020,No,Iron Ore,166,218,VERY POOR,16,15,GOOD,5.55,61,SATISFACTORY,0.43,5,GOOD,16.68,23,GOOD,19.76,18,GOOD,485,79,SATISFACTORY,,
237,Visakapatnam,summer,25-04-2020,No,Iron Ore,167.87,218,VERY POOR,16.89,15,GOOD,5.48,60,SATISFACTORY,0.32,3,GOOD,16.69,23,GOOD,19.5,18,GOOD,4.65,78,SATISFACTORY,,
238,Visakapatnam,summer,26-04-2020,No,Iron Ore,170,220,VERY POOR,15,14,GOOD,5.23,58,SATISFACTORY,0.22,2,GOOD,16.71,23,GOOD,15.6,14,GOOD,4.56,77,SATISFACTORY,,
239,Visakapatnam,summer,27-04-2020,No,Iron Ore,175,225,VERY POOR,16,15,GOOD,5.16,57,SATISFACTORY,0.2,2,GOOD,16.7,23,GOOD,10.56,9,GOOD,4.25,77,SATISFACTORY,,
240,Visakapatnam,summer,28-04-2020,No,Iron Ore,176,226,VERY POOR,15.77,14,GOOD,4.89,54,SATISFACTORY,0.17,1,GOOD,16.71,23,GOOD,4.849,4,GOOD,4.12,69,SATISFACTORY,,
241,Visakapatnam,summer,29-04-2020,No,Iron Ore,176.5,227,VERY POOR,15.5,14,GOOD,4.52,51,SATISFACTORY,0.15,1,GOOD,16.717,23,GOOD,4.3,4,GOOD,4.06,69,SATISFACTORY,,
242,Visakapatnam,summer,30-04-2020,Yes/Left,Iron Ore,177,227,VERY POOR,15,14,GOOD,4.3,49,GOOD,0.11,1,GOOD,16.72,23,GOOD,4.1,4,GOOD,3.83,62,SATISFACTORY,,
243,Kolkata,winter,01-01-2020,Yes/Entry,Fertilizer,1.5,6,GOOD,1.67,1,GOOD,0.1,1,GOOD,1.5,17,GOOD,9.01,13,GOOD,1.06,1,GOOD,5.36,103,MODERATE,,
244,Kolkata,winter,02-01-2020,No,Fertilizer,2.6,11,GOOD,2.89,2,GOOD,0.15,1,GOOD,1.6,18,GOOD,10.33,14,GOOD,2.03,2,GOOD,7.98,137,MODERATE,,
245,Kolkata,winter,03-01-2020,No,Fertilizer,3.8,16,GOOD,4.22,4,GOOD,0.17,1,GOOD,1.7,19,GOOD,12.4,17,GOOD,4.65,4,GOOD,8.44,148,MODERATE,,
246,Kolkata,winter,04-01-2020,No,Fertilizer,4,17,GOOD,4.44,4,GOOD,0.13,1,GOOD,1.9,22,GOOD,13.55,19,GOOD,7.88,6,GOOD,10.45,156,MODERATE,,
247,Kolkata,winter,05-01-2020,No,Fertilizer,4.5,19,GOOD,5,5,GOOD,0.24,1,GOOD,2,23,GOOD,11.84,16,GOOD,9.01,8,GOOD,13.55,172,MODERATE,,
248,Kolkata,winter,06-01-2020,No,Fertilizer,5.6,23,GOOD,6.22,6,GOOD,0.28,2,GOOD,2.2,25,GOOD,10.55,14,GOOD,10.33,9,GOOD,17.98,195,MODERATE,,
249,Kolkata,winter,07-01-2020,No,Fertilizer,5.8,24,GOOD,6.44,6,GOOD,0.36,2,GOOD,2.3,26,GOOD,13.95,19,GOOD,12.4,11,GOOD,19.78,203,MODERATE,,
250,Kolkata,winter,08-01-2020,No,Fertilizer,5.6,23,GOOD,6.22,6,GOOD,0.38,2,GOOD,2.7,31,GOOD,15.88,21,GOOD,13.55,12,GOOD,22.98,212,MODERATE,,
251,Kolkata,winter,09-01-2020,No,Fertilizer,5.4,23,GOOD,5.99,5,GOOD,0.43,3,GOOD,2.55,28,GOOD,17.88,24,GOOD,11.84,10,GOOD,25.88,235,MODERATE,,
252,Kolkata,winter,10-01-2020,No,Fertilizer,6.2,26,GOOD,6.88,6,GOOD,0.55,4,GOOD,2.6,30,GOOD,14.55,20,GOOD,10.55,9,GOOD,27.99,256,POOR,,
253,Kolkata,winter,11-01-2020,No,Fertilizer,6.3,26,GOOD,6.99,6,GOOD,0.59,4,GOOD,2.85,32,GOOD,16.66,23,GOOD,13.95,12,GOOD,30.11,273,POOR,,
254,Kolkata,winter,12-01-2020,No,Fertilizer,6.7,28,GOOD,7.44,7,GOOD,0.63,5,GOOD,2.7,31,GOOD,19.88,27,GOOD,15.88,14,GOOD,33.33,285,POOR,,
255,Kolkata,winter,13-01-2020,No,Fertilizer,6.8,28,GOOD,7.55,7,GOOD,0.39,2,GOOD,2.8,32,GOOD,23.33,33,GOOD,17.88,16,GOOD,35.88,296,POOR,,
256,Kolkata,winter,14-01-2020,No,Fertilizer,10.25,43,GOOD,11.38,10,GOOD,0.63,5,GOOD,2.9,33,GOOD,20.14,29,GOOD,14.55,13,GOOD,37.88,305,POOR,,
257,Kolkata,winter,15-01-2020,No,Fertilizer,11.3,47,GOOD,12.54,11,GOOD,0.48,4,GOOD,3.2,36,GOOD,19,27,GOOD,16.66,15,GOOD,39.14,315,POOR,,
258,Kolkata,winter,16-01-2020,No,Fertilizer,12.5,52,SATISFACTORY,13.88,12,GOOD,0.89,7,GOOD,3.33,37,GOOD,19.01,27,GOOD,19.88,18,GOOD,41.88,327,POOR,,
259,Kolkata,winter,17-01-2020,No,Fertilizer,15.28,58,SATISFACTORY,16.96,15,GOOD,0.98,8,GOOD,3.4,39,GOOD,16.55,23,GOOD,23.33,21,GOOD,43.55,346,POOR,,
260,Kolkata,winter,18-01-2020,No,Fertilizer,16.58,60,SATISFACTORY,18.4,17,GOOD,1.25,15,GOOD,2.5,28,GOOD,17.88,24,GOOD,20.14,19,GOOD,45.32,362,POOR,,
261,Kolkata,winter,19-01-2020,No,Fertilizer,17.2,62,SATISFACTORY,19.09,18,GOOD,1.34,17,GOOD,2.9,33,GOOD,25.65,36,GOOD,19,18,GOOD,46.85,367,POOR,,
262,Kolkata,winter,20-01-2020,No,Fertilizer,18.9,65,SATISFACTORY,20.98,19,GOOD,1.36,17,GOOD,3.1,35,GOOD,20.55,29,GOOD,19.01,18,GOOD,48.87,376,POOR,,
263,Kolkata,winter,21-01-2020,No,Fertilizer,19.21,66,SATISFACTORY,21.32,20,GOOD,1.56,19,GOOD,3.3,37,GOOD,11.88,16,GOOD,16.55,15,GOOD,49.98,385,POOR,,
264,Kolkata,winter,22-01-2020,No,Fertilizer,19.3,66,SATISFACTORY,21.42,20,GOOD,1.68,21,GOOD,3.5,40,GOOD,17.55,24,GOOD,17.88,16,GOOD,52.44,392,POOR,,
265,Kolkata,winter,23-01-2020,No,Fertilizer,18.2,64,SATISFACTORY,20.2,19,GOOD,1.74,23,GOOD,3.8,43,GOOD,16.74,23,GOOD,25.65,23,GOOD,55.87,403,POOR,,
266,Kolkata,winter,24-01-2020,No,Fertilizer,18.1,64,SATISFACTORY,20.09,19,GOOD,1.82,25,GOOD,4,45,GOOD,18.65,26,GOOD,20.55,19,GOOD,57.44,418,POOR,,
267,Kolkata,winter,25-01-2020,No,Fertilizer,17.5,62,SATISFACTORY,19.43,18,GOOD,1.91,26,GOOD,4.2,48,GOOD,17.65,24,GOOD,1.88,1,GOOD,58.45,424,POOR,,
268,Kolkata,winter,26-01-2020,No,Fertilizer,16.9,61,SATISFACTORY,18.76,17,GOOD,1.95,26,GOOD,4.4,50,GOOD,16.88,23,GOOD,17.55,16,GOOD,60.39,436,VERY POOR,,
269,Kolkata,winter,27-01-2020,No,Fertilizer,15.8,59,SATISFACTORY,17.54,16,GOOD,1.99,27,GOOD,4.65,52,SATISFACTORY,15.11,21,GOOD,16.74,15,GOOD,61.44,447,VERY POOR,,
270,Kolkata,winter,28-01-2020,No,Fertilizer,15.4,58,SATISFACTORY,17.09,16,GOOD,1.96,27,GOOD,4.7,53,SATISFACTORY,12.88,17,GOOD,15.58,14,GOOD,63.44,462,VERY POOR,,
271,Kolkata,winter,29-01-2020,No,Fertilizer,16.2,60,SATISFACTORY,17.98,16,GOOD,1.94,76,GOOD,4.9,55,SATISFACTORY,11.66,16,GOOD,10.66,9,GOOD,64.99,469,VERY POOR,,
272,Kolkata,winter,30-01-2020,No,Fertilizer,16.6,60,SATISFACTORY,18.43,17,GOOD,1.98,27,GOOD,4.88,54,SATISFACTORY,9.88,13,GOOD,5.66,5,GOOD,65.7,475,VERY POOR,,
273,Kolkata,winter,31-01-2020,Yes/Left,Fertilizer,18.5,64,SATISFACTORY,20.54,19,GOOD,2.01,30,GOOD,5,56,SATISFACTORY,9.01,13,GOOD,1.06,1,GOOD,66.85,482,VERY POOR,,
274,Kolkata,spring,01-02-2020,Yes/Entry,Coal,19.6,67,SATISFACTORY,21.76,20,GOOD,2.2,33,GOOD,5.21,58,SATISFACTORY,10.45,14,GOOD,2.59,2,GOOD,66.58,481,VERY POOR,,
275,Kolkata,spring,02-02-2020,No,Coal,25,78,SATISFACTORY,27.75,25,GOOD,2.1,31,GOOD,5.46,60,SATISFACTORY,13.55,19,GOOD,3.24,3,GOOD,67.88,494,VERY POOR,,
276,Kolkata,spring,03-02-2020,No,Coal,34,97,SATISFACTORY,37.74,35,GOOD,1.95,26,GOOD,6.68,72,SATISFACTORY,17.98,24,GOOD,5.84,5,GOOD,66.58,481,VERY POOR,,
277,Kolkata,spring,04-02-2020,No,Coal,46,127,MODERATE,51.06,48,GOOD,1.92,26,GOOD,7.7,83,SATISFACTORY,19.78,27,GOOD,7.98,6,GOOD,67.88,494,VERY POOR,,
278,Kolkata,spring,05-02-2020,No,Coal,58,152,POOR,64.38,62,SATISFACTORY,1.82,25,GOOD,9.25,98,SATISFACTORY,22.98,31,GOOD,9.65,8,GOOD,67.98,495,VERY POOR,,
279,Kolkata,spring,06-02-2020,No,Coal,69,158,POOR,76.59,74,SATISFACTORY,1.75,24,GOOD,10,109,MODERATE,25.88,36,GOOD,10.99,9,GOOD,67.99,495,VERY POOR,,
280,Kolkata,spring,07-02-2020,No,Coal,82,165,POOR,91.02,90,SATISFACTORY,1.63,20,GOOD,10.9,125,MODERATE,27.99,39,GOOD,12.4,11,GOOD,68.74,493,VERY POOR,,
281,Kolkata,spring,08-02-2020,No,Coal,95,171,POOR,105.45,102,MODERATE,1.5,18,GOOD,7.7,83,SATISFACTORY,30.11,43,GOOD,14.88,13,GOOD,68.14,492,VERY POOR,,
282,Kolkata,spring,09-02-2020,No,Coal,102,175,POOR,113.22,103,MODERATE,1.4,18,GOOD,12.5,151,POOR,33.33,47,GOOD,16.66,15,GOOD,68.58,491,VERY POOR,,
283,Kolkata,spring,10-02-2020,No,Coal,108,178,POOR,119.88,104,MODERATE,1.6,20,GOOD,14.7,188,POOR,35.88,50,GOOD,18.87,17,GOOD,68.55,489,VERY POOR,,
284,Kolkata,spring,11-02-2020,No,Coal,113,181,POOR,125.43,106,MODERATE,1.8,24,GOOD,17.9,217,VERY POOR,37.88,52,MODERATE,19.01,18,GOOD,68.74,493,VERY POOR,,
285,Kolkata,spring,12-02-2020,No,Coal,117,183,POOR,129.87,106,MODERATE,1.6,20,GOOD,17.6,215,VERY POOR,39.14,55,MODERATE,20.74,19,GOOD,67.88,494,VERY POOR,,
286,Kolkata,spring,13-02-2020,No,Coal,119,184,POOR,132.09,107,MODERATE,1.5,18,GOOD,17.2,212,VERY POOR,41.88,57,MODERATE,22.85,20,GOOD,68.98,495,VERY POOR,,
287,Kolkata,spring,14-02-2020,No,Coal,124,186,POOR,137.64,108,MODERATE,1.4,18,GOOD,19,224,VERY POOR,43.55,60,MODERATE,23.84,21,GOOD,69.12,497,VERY POOR,,
288,Kolkata,spring,15-02-2020,No,Coal,128,188,POOR,142.08,109,MODERATE,1.8,24,GOOD,19.3,226,VERY POOR,45.32,62,MODERATE,25.99,23,GOOD,69.25,502,SEVERE,,
289,Kolkata,spring,16-02-2020,No,Coal,136,193,POOR,150.96,110,MODERATE,1.6,20,GOOD,20.22,232,VERY POOR,46.85,64,MODERATE,26.74,24,GOOD,69.36,504,SEVERE,,
290,Kolkata,spring,17-02-2020,No,Coal,138,194,POOR,153.18,111,MODERATE,1.2,14,GOOD,21.1,238,VERY POOR,48.87,66,MODERATE,27.9,25,GOOD,69.45,507,SEVERE,,
291,Kolkata,spring,18-02-2020,No,Coal,142,196,POOR,157.62,112,MODERATE,1.4,18,GOOD,22.24,246,VERY POOR,49.98,67,MODERATE,30.4,28,GOOD,69.51,509,SEVERE,,
292,Kolkata,spring,19-02-2020,No,Coal,144,197,POOR,159.84,112,MODERATE,1.7,20,GOOD,17.6,215,VERY POOR,52.44,71,MODERATE,32.14,30,GOOD,69.53,509,SEVERE,,
293,Kolkata,spring,20-02-2020,No,Coal,156,206,VERY POOR,173.16,115,MODERATE,1.5,18,GOOD,25.66,268,VERY POOR,55.87,75,MODERATE,34.99,31,GOOD,69.55,509,SEVERE,,
294,Kolkata,spring,21-02-2020,No,Coal,168,218,VERY POOR,186.48,117,MODERATE,1.26,15,GOOD,23.7,255,VERY POOR,57.44,77,MODERATE,35.77,32,GOOD,69.66,511,SEVERE,,
295,Kolkata,spring,22-02-2020,No,Coal,175,225,VERY POOR,194.25,119,MODERATE,1.62,20,GOOD,26,271,VERY POOR,58.45,79,MODERATE,37.82,34,GOOD,69.89,514,SEVERE,,
296,Kolkata,spring,23-02-2020,No,Coal,203,253,VERY POOR,198.11,119,MODERATE,1.42,18,GOOD,27.58,281,VERY POOR,60.39,81,MODERATE,39.14,36,GOOD,68.54,489,VERY POOR,,
297,Kolkata,spring,24-02-2020,No,Coal,215,265,VERY POOR,208,121,MODERATE,1.64,20,GOOD,27.6,281,VERY POOR,61.44,82,MODERATE,40.98,37,GOOD,69.54,507,SEVERE,,
298,Kolkata,spring,25-02-2020,No,Coal,223,273,VERY POOR,216,123,MODERATE,1.63,20,GOOD,27.9,283,VERY POOR,63.44,85,MODERATE,43.11,40,GOOD,69.77,510,SEVERE,,
299,Kolkata,spring,26-02-2020,No,Coal,226,276,VERY POOR,222,124,MODERATE,1.42,18,GOOD,28.48,287,VERY POOR,64.99,86,MODERATE,45.78,42,GOOD,69.82,512,SEVERE,,
300,Kolkata,spring,27-02-2020,No,Coal,229,279,VERY POOR,227,125,MODERATE,1.52,19,GOOD,28.98,290,VERY POOR,65.7,87,MODERATE,47.99,44,GOOD,69.88,512,SEVERE,,
301,Kolkata,spring,28-02-2020,No,Coal,231,281,VERY POOR,229,125,MODERATE,1.65,21,GOOD,29,291,VERY POOR,66.85,89,MODERATE,50.98,46,GOOD,69.78,510,SEVERE,,
302,Kolkata,spring,29-02-2020,No,Coal,255,305,SEVERE,236,127,MODERATE,1.7,20,GOOD,29.3,293,VERY POOR,66.99,89,MODERATE,52.48,48,GOOD,69.54,507,SEVERE,,
303,Kolkata,spring,01-03-2020,Yes/Left,Coal,264,314,SEVERE,239,127,MODERATE,1.4,18,GOOD,29.47,293,VERY POOR,68.55,89,MODERATE,55.48,51,MODERATE,69.99,515,SEVERE,,
304,Kolkata,spring,02-03-2020,Yes/Entry,Iron Ore,275,325,SEVERE,245,128,MODERATE,1.36,17,GOOD,29.1,291,VERY POOR,67.88,90,MODERATE,53.55,49,GOOD,68.55,489,VERY POOR,,
305,Kolkata,spring,03-03-2020,No,Iron Ore,282,332,SEVERE,249,129,MODERATE,1.22,14,GOOD,28.78,289,VERY POOR,67.98,90,MODERATE,52.85,48,GOOD,64.95,468,VERY POOR,,
306,Kolkata,spring,04-03-2020,No,Iron Ore,296,346,SEVERE,241,127,MODERATE,1.11,11,GOOD,28.45,287,VERY POOR,67.99,90,MODERATE,51.47,47,MODERATE,62.74,453,VERY POOR,,
307,Kolkata,spring,05-03-2020,No,Iron Ore,302,352,SEVERE,237,127,MODERATE,1.04,12,GOOD,25,264,VERY POOR,68.74,91,MODERATE,49.88,45,GOOD,61.44,447,VERY POOR,,
308,Kolkata,spring,06-03-2020,No,Iron Ore,285,335,SEVERE,232,126,MODERATE,0.97,8,GOOD,24.46,260,VERY POOR,68.14,91,MODERATE,48.78,44,GOOD,60.82,439,VERY POOR,,
309,Kolkata,spring,07-03-2020,No,Iron Ore,301,301,SEVERE,228,125,MODERATE,0.94,8,GOOD,24.12,258,VERY POOR,68.58,91,MODERATE,47.66,44,GOOD,58.99,427,VERY POOR,,
310,Kolkata,spring,08-03-2020,No,Iron Ore,292,292,SEVERE,223,124,MODERATE,0.92,8,GOOD,23,251,VERY POOR,68.55,91,MODERATE,45.98,42,GOOD,56.21,408,VERY POOR,,
311,Kolkata,spring,09-03-2020,No,Iron Ore,286,286,SEVERE,221,124,MODERATE,0.84,7,GOOD,21,238,VERY POOR,68.74,91,MODERATE,43.44,40,GOOD,55.85,401,VERY POOR,,
312,Kolkata,spring,10-03-2020,No,Iron Ore,291,291,SEVERE,216,123,MODERATE,0.72,6,GOOD,20.56,234,VERY POOR,67.88,90,MODERATE,42.44,39,GOOD,53.78,398,POOR,,
313,Kolkata,spring,11-03-2020,No,Iron Ore,302,302,SEVERE,211,122,MODERATE,0.66,5,GOOD,20.21,232,VERY POOR,68.98,91,MODERATE,40.15,37,GOOD,52.74,395,POOR,,
314,Kolkata,spring,12-03-2020,No,Iron Ore,305,305,SEVERE,209,121,MODERATE,0.6,5,GOOD,20.14,232,VERY POOR,69.12,92,MODERATE,39.55,36,GOOD,50.74,391,POOR,,
315,Kolkata,spring,13-03-2020,No,Iron Ore,303,303,SEVERE,206,121,MODERATE,0.52,4,GOOD,19.93,230,VERY POOR,69.25,92,MODERATE,39.77,36,GOOD,48.84,375,POOR,,
316,Kolkata,spring,14-03-2020,No,Iron Ore,296,346,SEVERE,202,120,MODERATE,0.48,3,GOOD,19.75,229,VERY POOR,69.36,92,MODERATE,38.44,35,GOOD,47.21,382,POOR,,
317,Kolkata,spring,15-03-2020,No,Iron Ore,292,342,SEVERE,198,119,MODERATE,0.46,3,GOOD,19,224,VERY POOR,69.45,92,MODERATE,37.25,34,GOOD,47.95,387,POOR,,
318,Kolkata,spring,16-03-2020,No,Iron Ore,302,352,SEVERE,196,119,MODERATE,0.42,3,GOOD,18.83,223,VERY POOR,69.51,92,MODERATE,37.22,34,GOOD,45.88,365,POOR,,
319,Kolkata,spring,17-03-2020,No,Iron Ore,306,356,SEVERE,193,118,MODERATE,0.38,2,GOOD,18.76,222,VERY POOR,69.53,92,MODERATE,36.44,33,GOOD,42.88,334,POOR,,
320,Kolkata,spring,18-03-2020,No,Iron Ore,312,362,SEVERE,188,117,MODERATE,0.36,2,GOOD,18.5,221,VERY POOR,69.55,92,MODERATE,34.88,31,GOOD,40.66,321,POOR,,
321,Kolkata,spring,19-03-2020,No,Iron Ore,306,356,SEVERE,184,117,MODERATE,0.31,2,GOOD,18,218,VERY POOR,69.66,92,MODERATE,33.47,31,GOOD,35.85,294,POOR,,
322,Kolkata,spring,20-03-2020,No,Iron Ore,308,358,SEVERE,181,116,MODERATE,0.42,3,GOOD,16.45,207,VERY POOR,69.89,92,MODERATE,31.78,29,GOOD,33.66,292,POOR,,
323,Kolkata,spring,21-03-2020,No,Iron Ore,311,361,SEVERE,179,116,MODERATE,0.48,3,GOOD,16.27,206,VERY POOR,68.54,91,MODERATE,30.87,28,GOOD,31.98,277,POOR,,
324,Kolkata,spring,22-03-2020,No,Iron Ore,316,366,SEVERE,172,114,MODERATE,0.56,4,GOOD,15.94,204,VERY POOR,69.54,92,MODERATE,28.41,26,GOOD,28.45,264,POOR,,
325,Kolkata,spring,23-03-2020,No,Iron Ore,312,362,SEVERE,164,113,MODERATE,0.59,4,GOOD,15.79,202,VERY POOR,69.77,92,MODERATE,25.44,23,GOOD,25.95,239,MODERATE,,
326,Kolkata,spring,24-03-2020,No,Iron Ore,295,345,SEVERE,156,111,MODERATE,0.56,4,GOOD,14.6,186,POOR,69.82,92,MODERATE,22.88,20,GOOD,23.47,217,MODERATE,,
327,Kolkata,spring,25-03-2020,No,Iron Ore,310,360,SEVERE,147,110,MODERATE,0.52,4,GOOD,14.55,185,POOR,69.88,92,MODERATE,20.14,19,GOOD,22.17,211,MODERATE,,
328,Kolkata,spring,26-03-2020,No,Iron Ore,315,365,SEVERE,133,107,MODERATE,0.5,4,GOOD,14.36,181,POOR,69.78,92,MODERATE,18.65,17,GOOD,20.33,206,MODERATE,,
329,Kolkata,spring,27-03-2020,No,Iron Ore,321,371,SEVERE,131,107,MODERATE,0.48,3,GOOD,13.97,175,POOR,69.54,92,MODERATE,15.44,14,GOOD,19.87,204,MODERATE,,
330,Kolkata,spring,28-03-2020,No,Iron Ore,325,375,SEVERE,124,105,MODERATE,0.44,3,GOOD,13.9,175,POOR,69.99,92,MODERATE,13.54,12,GOOD,18.95,198,MODERATE,,
331,Kolkata,spring,29-03-2020,No,Iron Ore,324,374,SEVERE,117,114,MODERATE,0.41,3,GOOD,13.21,163,POOR,68.55,91,MODERATE,12.54,11,GOOD,15.88,184,MODERATE,,
332,Kolkata,spring,30-03-2020,No,Iron Ore,321,371,SEVERE,111,103,MODERATE,0.39,2,GOOD,13.17,161,POOR,69.12,92,MODERATE,10.54,9,GOOD,11.95,168,MODERATE,,
333,Kolkata,spring,31-03-2020,Yes/Left,Iron Ore,325.4,375,SEVERE,105,102,MODERATE,0.42,3,GOOD,13.04,159,POOR,69.55,92,MODERATE,8.78,7,GOOD,8.54,144,MODERATE,,
334,Kolkata,summer,01-04-2020,Yes/Entry,POL,320,370,SEVERE,102,101,MODERATE,0.4,3,GOOD,12.78,154,POOR,68.44,91,MODERATE,5.44,5,GOOD,10.45,156,MODERATE,,
335,Kolkata,summer,02-04-2020,No,POL,312,362,SEVERE,105,102,MODERATE,0.38,2,GOOD,12.57,151,POOR,68.01,91,MODERATE,6.88,6,GOOD,13.55,172,MODERATE,,
336,Kolkata,summer,03-04-2020,No,POL,295,345,SEVERE,108,102,MODERATE,0.38,2,GOOD,12,143,MODERATE,67.87,90,MODERATE,8.98,7,GOOD,17.98,195,MODERATE,,
337,Kolkata,summer,04-04-2020,No,POL,282,422,SEVERE,110,103,MODERATE,0.36,2,GOOD,11.49,133,MODERATE,68.55,91,MODERATE,9.45,8,GOOD,19.78,203,MODERATE,,
338,Kolkata,summer,05-04-2020,No,POL,286,424,SEVERE,112,103,MODERATE,0.34,2,GOOD,11.08,126,MODERATE,67.98,90,MODERATE,11.84,10,GOOD,22.98,212,MODERATE,,
339,Kolkata,summer,06-04-2020,No,POL,250,300,VERY POOR,115,104,MODERATE,0.34,2,GOOD,10.88,123,MODERATE,66.48,89,MODERATE,12.34,11,GOOD,25.88,235,MODERATE,,
340,Kolkata,summer,07-04-2020,No,POL,231,281,VERY POOR,118,104,MODERATE,0.37,2,GOOD,10.63,120,MODERATE,67.85,90,MODERATE,13.84,12,GOOD,27.99,256,POOR,,
341,Kolkata,summer,08-04-2020,No,POL,228,278,VERY POOR,120,105,MODERATE,0.38,2,GOOD,10.1,111,MODERATE,68.64,91,MODERATE,15.84,14,GOOD,30.11,273,POOR,,
342,Kolkata,summer,09-04-2020,No,POL,214,264,VERY POOR,125,106,MODERATE,0.42,3,GOOD,9.79,104,MODERATE,68,91,MODERATE,16.99,15,GOOD,33.33,285,POOR,,
343,Kolkata,summer,10-04-2020,No,POL,195,245,VERY POOR,130,106,MODERATE,0.36,2,GOOD,9.74,104,MODERATE,68.77,91,MODERATE,18.45,17,GOOD,35.88,296,POOR,,
344,Kolkata,summer,11-04-2020,No,POL,182,232,VERY POOR,140,108,MODERATE,0.33,2,GOOD,9.73,104,MODERATE,69.44,92,MODERATE,9.999,8,GOOD,37.88,305,POOR,,
345,Kolkata,summer,12-04-2020,No,POL,178,228,VERY POOR,143,109,MODERATE,0.32,2,GOOD,9.42,100,SATISFACTORY,69.88,92,MODERATE,21.74,19,GOOD,39.14,315,POOR,,
346,Kolkata,summer,13-04-2020,No,POL,165,215,VERY POOR,148,110,MODERATE,0.35,2,GOOD,9.4,100,SATISFACTORY,68.55,91,MODERATE,23.65,21,GOOD,41.88,327,POOR,,
347,Kolkata,summer,14-04-2020,No,POL,157,207,VERY POOR,150,110,MODERATE,0.35,2,GOOD,9.03,96,SATISFACTORY,68.32,91,MODERATE,25.84,23,GOOD,43.55,346,POOR,,
348,Kolkata,summer,15-04-2020,No,POL,134,192,POOR,152,111,MODERATE,0.37,2,GOOD,9,96,SATISFACTORY,68.98,91,MODERATE,27.89,25,GOOD,45.32,362,POOR,,
349,Kolkata,summer,16-04-2020,No,POL,102,175,POOR,155,111,MODERATE,0.39,2,GOOD,8.95,95,SATISFACTORY,69.12,92,MODERATE,29.87,27,GOOD,46.85,367,POOR,,
350,Kolkata,summer,17-04-2020,No,POL,98,173,POOR,158,112,MODERATE,0.36,2,GOOD,8.9,95,SATISFACTORY,69.54,92,MODERATE,31.25,29,GOOD,48.87,376,POOR,,
351,Kolkata,summer,18-04-2020,No,POL,91,169,POOR,162,113,MODERATE,0.38,2,GOOD,8.84,94,SATISFACTORY,68.65,91,MODERATE,33.61,31,GOOD,49.98,385,POOR,,
352,Kolkata,summer,19-04-2020,No,POL,82,165,POOR,166,113,MODERATE,0.4,3,GOOD,8.46,90,SATISFACTORY,67.55,90,MODERATE,35.7,32,GOOD,52.44,392,POOR,,
353,Kolkata,summer,20-04-2020,No,POL,73,160,POOR,172,114,MODERATE,0.37,2,GOOD,8.45,90,SATISFACTORY,68.98,91,MODERATE,37.11,34,GOOD,55.87,403,POOR,,
354,Kolkata,summer,21-04-2020,No,POL,61,154,POOR,182,116,MODERATE,0.41,3,GOOD,8.4,90,SATISFACTORY,68.22,91,MODERATE,42.55,39,GOOD,57.44,418,POOR,,
355,Kolkata,summer,22-04-2020,No,POL,58,152,POOR,185,117,MODERATE,0.43,3,GOOD,8.39,89,SATISFACTORY,68.32,91,MODERATE,45.01,42,GOOD,58.45,424,POOR,,
356,Kolkata,summer,23-04-2020,No,POL,50,137,MODERATE,188,137,MODERATE,0.39,2,GOOD,8.18,87,SATISFACTORY,68.45,91,MODERATE,47.14,44,GOOD,60.39,436,VERY POOR,,
357,Kolkata,summer,24-04-2020,No,POL,42,117,MODERATE,191,118,MODERATE,0.39,2,GOOD,8.1,87,SATISFACTORY,68.95,91,MODERATE,49.58,45,GOOD,61.44,447,VERY POOR,,
358,Kolkata,summer,25-04-2020,No,POL,50,137,MODERATE,192,118,MODERATE,0.42,3,GOOD,8,86,SATISFACTORY,69.12,92,MODERATE,52.84,48,GOOD,63.44,462,VERY POOR,,
359,Kolkata,summer,26-04-2020,No,POL,38,107,MODERATE,193,118,MODERATE,0.45,3,GOOD,7.69,82,SATISFACTORY,68.77,91,MODERATE,54.68,50,GOOD,64.99,469,VERY POOR,,
360,Kolkata,summer,27-04-2020,No,POL,48,132,MODERATE,195,119,MODERATE,0.44,3,GOOD,7.5,81,SATISFACTORY,68.25,91,MODERATE,56.98,54,MODERATE,65.7,475,VERY POOR,,
361,Kolkata,summer,28-04-2020,No,POL,52,142,MODERATE,198,119,MODERATE,0.45,3,GOOD,7.33,79,SATISFACTORY,68.22,91,MODERATE,58.45,61,MODERATE,66.85,482,VERY POOR,,
362,Kolkata,summer,29-04-2020,No,POL,59,153,POOR,205,121,MODERATE,0.42,3,GOOD,7.14,77,SATISFACTORY,69.55,92,MODERATE,60.15,67,MODERATE,66.58,481,VERY POOR,,
363,Kolkata,summer,30-04-2020,Yes/Left,POL,49,134,MODERATE,212,122,MODERATE,0.41,3,GOOD,7,76,SATISFACTORY,69.99,92,MODERATE,61.85,71,MODERATE,67.88,494,VERY POOR,,